Order ;Genus;Species;Name_in_Upham;Taxonomy note;In_Upham;DNA_in_Upham;Clade_Colonization_Scenario_1;Clade_Colonization_Scenario_2;Status_Species;Additional_range_note;Extinct/Extant;Subspecies;Other_Names;Common_Name;Family;References;Extinction_References
Afrosoricida;Echinops;telfairi;Echinops telfairi;NA;Yes;Yes;Afrosoricida;Tenrecidae;Endemic;NA;Extant;NA;NA;Lesser hedgehog tenrec;Tenrecidae;"Everson et al., 2016; Soarimalala & Goodman, 2011; Goodman & Jungers, 2014; Kouvari & van der Geer, 2018";NA
Afrosoricida;Geogale;aurita;Geogale aurita;NA;Yes;Yes;Afrosoricida;Tenrecidae;Endemic;NA;Extant;NA;Cryptogale australis;Large-eared tenrec;Tenrecidae;"Everson et al., 2016; Soarimalala & Goodman, 2011; Goodman & Jungers, 2014; Kouvari & van der Geer, 2018";NA
Afrosoricida;Hemicentetes;nigriceps;Hemicentetes nigriceps;NA;Yes;No;Afrosoricida;Tenrecidae;Endemic;NA;Extant;NA;NA;Highland streaked tenrec;Tenrecidae;"Everson et al., 2016; Soarimalala & Goodman, 2011; Kouvari & van der Geer, 2018";NA
Afrosoricida;Hemicentetes;semispinosus;Hemicentetes semispinosus;NA;Yes;Yes;Afrosoricida;Tenrecidae;Endemic;NA;Extant;NA;NA;Lowland streaked tenrec;Tenrecidae;"Everson et al., 2016; Soarimalala & Goodman, 2011; Kouvari & van der Geer, 2018";NA
Afrosoricida;Microgale;brevicaudata;Microgale brevicaudata;NA;Yes;Yes;Afrosoricida;Tenrecidae;Endemic;NA;Extant;NA;Microgale breviceps, Microgale occidentalis;Short-tailed shrew-tenrec;Tenrecidae;"Goodman et al., 2011; Everson et al., 2016; Goodman & Jungers, 2014; Kouvari & van der Geer, 2018";NA
Afrosoricida;Microgale;cowani;Microgale cowani;NA;Yes;Yes;Afrosoricida;Tenrecidae;Endemic;NA;Extant;NA;Microgale longirostris, Microgale crassipes, Microgale c. nigrescens, ;Cowan's shrew tenrec;Tenrecidae;"Everson et al., 2016; Soarimalala & Goodman, 2011; Kouvari & van der Geer, 2018";NA
Afrosoricida;Microgale;drouhardi;Microgale drouhardi;NA;Yes;No;Afrosoricida;Tenrecidae;Endemic;NA;Extant;NA;Microgale melanorrhachis;Drouhard's shrew tenrec;Tenrecidae;"Everson et al., 2016; Soarimalala & Goodman, 2011; Kouvari & van der Geer, 2018";NA
Afrosoricida;Microgale;dryas;Microgale dryas;NA;Yes;No;Afrosoricida;Tenrecidae;Endemic;NA;Extant;NA;NA;Dryad shrew tenrec;Tenrecidae;"Jenkins, 1992; Everson et al., 2016; Soarimalala & Goodman, 2011; Kouvari & van der Geer, 2018";NA
Afrosoricida;Microgale;fotsifotsy;Microgale fotsifotsy;NA;Yes;No;Afrosoricida;Tenrecidae;Endemic;NA;Extant;NA;NA;Pale shrew tenrec;Tenrecidae;"Jenkins et al., 1997; Everson et al., 2016; Soarimalala & Goodman, 2011; Kouvari & van der Geer, 2018";NA
Afrosoricida;Microgale;gracilis;Microgale gracilis;NA;Yes;No;Afrosoricida;Tenrecidae;Endemic;NA;Extant;NA;Leptogale gracilis;Gracile shrew tenrec;Tenrecidae;"Everson et al., 2016; Soarimalala & Goodman, 2011; Kouvari & van der Geer, 2018";NA
Afrosoricida;Microgale;grandidieri;Microgale grandidieri;NA;Yes;Yes;Afrosoricida;Tenrecidae;Endemic;NA;Extant;NA;NA;Grandidier's shrew tenrec;Tenrecidae;"Olson et al., 2009; Everson et al., 2016; Goodman et al., 2011";NA
Afrosoricida;Microgale;gymnorhyncha;Microgale gymnorhyncha;NA;Yes;No;Afrosoricida;Tenrecidae;Endemic;NA;Extant;NA;NA;Naked-nosed shrew tenrec;Tenrecidae;"Jenkins et al., 1996; Everson et al., 2016; Soarimalala & Goodman, 2011; Kouvari & van der Geer, 2018";NA
Afrosoricida;Microgale;jenkinsae;Microgale jenkinsae;NA;Yes;No;Afrosoricida;Tenrecidae;Endemic;NA;Extant;NA;NA;Jenkins' shrew tenrec;Tenrecidae;"Goodman and Soarimalala, 2004; Everson et al., 2016; Soarimalala & Goodman, 2011";NA
Afrosoricida;Microgale;jobihely;Microgale jobihely;NA;Yes;No;Afrosoricida;Tenrecidae;Endemic;NA;Extant;NA;NA;Northern shrew tenrec;Tenrecidae;"Goodman et al., 2006; Everson et al., 2016; Soarimalala et al., 2010";NA
Afrosoricida;Microgale;longicaudata;Microgale longicaudata;NA;Yes;Yes;Afrosoricida;Tenrecidae;Endemic;NA;Extant;NA;Microgale prolixacaudata;Lesser long-tailed shrew-tenrec;Tenrecidae;"Everson et al., 2016; Soarimalala & Goodman, 2011; Goodman & Jungers, 2014; Kouvari & van der Geer, 2018";NA
Afrosoricida;Microgale;macpheei;NA;NA;No;No;Afrosoricida;Tenrecidae;Endemic;NA;Extinct;NA;NA;NA;Tenrecidae;"Goodman & Jungers, 2014; Kouvari & van der Geer, 2018";Goodman et al., 2007b
Afrosoricida;Microgale;majori;Microgale majori;NA;Yes;Yes;Afrosoricida;Tenrecidae;Endemic;NA;Extant;NA;NA;Major's long-tailed tenrec ;Tenrecidae;"Everson et al., 2016; Soarimalala & Goodman, 2011";NA
Afrosoricida;Microgale;mergulus;Limnogale mergulus;Generic rearrangement;Yes;Yes;Afrosoricida;Tenrecidae;Endemic;NA;Extant;NA;NA;Web-footed Aquatic tenrec;Tenrecidae;"Everson et al., 2016; Soarimalala & Goodman, 2011; Kouvari & van der Geer, 2018";NA
Afrosoricida;Microgale;monticola;Microgale monticola;NA;Yes;No;Afrosoricida;Tenrecidae;Endemic;NA;Extant;NA;NA;Montane shrew tenrec;Tenrecidae;"Goodman and Jenkins, 1998; Everson et al., 2016; Soarimalala & Goodman, 2011; Kouvari & van der Geer, 2018";NA
Afrosoricida;Microgale;nasoloi;Microgale nasoloi;NA;Yes;No;Afrosoricida;Tenrecidae;Endemic;NA;Extant;NA;NA;Nasolo's shrew-tenrec;Tenrecidae;"Jenkins & Goodman, 1999; Everson et al., 2016; Soarimalala & Goodman, 2011; Goodman & Jungers, 2014";NA
Afrosoricida;Microgale;parvula;Microgale parvula;NA;Yes;No;Afrosoricida;Tenrecidae;Endemic;NA;Extant;NA;NA;Pygmy shrew tenrec;Tenrecidae;"Everson et al., 2016; Soarimalala & Goodman, 2011; Kouvari & van der Geer, 2018";NA
Afrosoricida;Microgale;principula;Microgale principula;NA;Yes;Yes;Afrosoricida;Tenrecidae;Endemic;NA;Extant;NA;Microgale decaryi, Microgale sorella, Paramicrogale decaryi;Greater long-tailed shrew-tenrec;Tenrecidae;"Everson et al., 2016; Soarimalala & Goodman, 2011; Goodman & Jungers, 2014; Kouvari & van der Geer, 2018";NA
Afrosoricida;Microgale;pusilla;Microgale pusilla;NA;Yes;Yes;Afrosoricida;Tenrecidae;Endemic;NA;Extant;NA;Microgale pulla;Lesser shrew-tenrec;Tenrecidae;"Everson et al., 2016; Soarimalala & Goodman, 2011; Goodman & Jungers, 2014; Kouvari & van der Geer, 2018";NA
Afrosoricida;Microgale;soricoides;Microgale soricoides;NA;Yes;No;Afrosoricida;Tenrecidae;Endemic;NA;Extant;NA;NA;Shrew-toothed shrew tenrec;Tenrecidae;"Jenkins, 1993; Everson et al., 2016; Soarimalala & Goodman, 2011; Kouvari & van der Geer, 2018";NA
Afrosoricida;Microgale;taiva;Microgale taiva;NA;Yes;No;Afrosoricida;Tenrecidae;Endemic;NA;Extant;NA;NA;Taiva shrew tenrec;Tenrecidae;"Everson et al., 2016; Soarimalala & Goodman, 2011; Kouvari & van der Geer, 2018";NA
Afrosoricida;Microgale;thomasi;Microgale thomasi;NA;Yes;No;Afrosoricida;Tenrecidae;Endemic;NA;Extant;NA;NA;Thomas' shrew tenrec;Tenrecidae;"Everson et al., 2016; Soarimalala & Goodman, 2011; Kouvari & van der Geer, 2018";NA
Afrosoricida;Nesogale;dobsoni;Microgale dobsoni;Generic rearrangement;Yes;No;Afrosoricida;Tenrecidae;Endemic;NA;Extant;NA;NA;Dobson's shrew tenrec;Tenrecidae;"Everson et al., 2016; Soarimalala & Goodman, 2011; Kouvari & van der Geer, 2018";NA
Afrosoricida;Nesogale;talazaci;Microgale talazaci;Generic rearrangement;Yes;Yes;Afrosoricida;Tenrecidae;Endemic;NA;Extant;NA;NA;Talzac's shrew tenrec;Tenrecidae;"Everson et al., 2016; Soarimalala & Goodman, 2011; Kouvari & van der Geer, 2018";NA
Afrosoricida;Oryzorictes;hova;Oryzorictes hova;NA;Yes;Yes;Afrosoricida;Tenrecidae;Endemic;NA;Extant;NA;Oryzorictes talpoides;Mole-like Hova rice tenrec;Tenrecidae;"Everson et al., 2016; Soarimalala & Goodman, 2011; Kouvari & van der Geer, 2018";NA
Afrosoricida;Oryzorictes;tetradactylus;Oryzorictes tetradactylus;NA;Yes;No;Afrosoricida;Tenrecidae;Endemic;NA;Extant;NA;Oryzorictes tetradactylus;Four-toed mole tenrec;Tenrecidae;"Everson et al., 2016; Soarimalala & Goodman, 2011; Kouvari & van der Geer, 2018";NA
Afrosoricida;Plesiorycteropus;germainepetterae;NA;NA;No;No;Afrosoricida;Bibymalagasia;Endemic;NA;Extinct;NA;Bibymalagasia (order), Plesiorycteropodidae (family);"Bibymalagasy/Malagasy ""aardvark""";Tenrecidae;"Buckley, 2013; Werdelin, 2010; Goodman & Jungers, 2014; Kouvari & van der Geer, 2018";"Crowley, 2010; MacPhee, 1994"
Afrosoricida;Plesiorycteropus;madagascariensis;NA;NA;No;No;Afrosoricida;Bibymalagasia;Endemic;NA;Extinct;NA;Bibymalagasia (order), Plesiorycteropodidae (family);"Bibymalagasy/Malagasy ""aardvark""";Tenrecidae;"Buckley, 2013; Werdelin, 2010; Goodman & Jungers, 2014; Kouvari & van der Geer, 2018";"Crowley, 2010; MacPhee, 1994"
Afrosoricida;Setifer;setosus;Setifer setosus;NA;Yes;Yes;Afrosoricida;Tenrecidae;Endemic;NA;Extant;NA;Desogale fontoynonti;Greater hedgehog tenrec;Tenrecidae;"Everson et al., 2016; Soarimalala & Goodman, 2011; Goodman & Jungers, 2014; Kouvari & van der Geer, 2018";NA
Afrosoricida;Tenrec;ecaudatus;Tenrec ecaudatus;NA;Yes;Yes;Afrosoricida;Tenrecidae;Endemic;NA;Extant;NA;NA;Common tailless tenrec;Tenrecidae;"Everson et al., 2016; Soarimalala & Goodman, 2011; Goodman & Jungers, 2014; Kouvari & van der Geer, 2018";NA
Artiodactyla;Hippopotamus;laloumena;NA;NA;No;No;Hippopotamidae;Hippopotamidae_laloumena;Endemic;NA;Extinct;NA;NA;NA;Hippopotamidae;"Faure & Guérin, 1990; Faure et al., 2010; Goodman & Jungers, 2014";"Crowley, 2010; Boisserie, 2016"
Artiodactyla;Hippopotamus;lemerlei;Hippopotamus lemerlei;NA;Yes;No;Hippopotamidae;Hippopotamidae_mad_lem;Endemic;NA;Extinct;NA;Hippopotamus madagascariensis;Malagasy dwarf hippopotamus;Hippopotamidae;"Rosenberger et al., 2015; Goodman & Jungers, 2014; Kouvari & van der Geer, 2018";"Kouvari & van der Geer, 2018; Crowley, 2010; Boisserie, 2016"
Artiodactyla;Hippopotamus;madagascariensis;Hippopotamus guldbergi;Common usage is madagascariensis;Yes;No;Hippopotamidae;Hippopotamidae_mad_lem;Endemic;NA;Extinct;NA;Hippopotamus guldbergi;Malagasy pygmy hippo;Hippopotamidae;"Rakotovao et al., 2014; Kouvari & van der Geer, 2018";"Kouvari & van der Geer, 2018; Crowley, 2010; Boisserie, 2016"
Carnivora;Cryptoprocta;ferox;Cryptoprocta ferox;NA;Yes;Yes;Eupleridae;Eupleridae;Endemic;NA;Extant;NA;NA;Fosa;Eupleridae;"Gerber et al., 2012; Soarimalala & Goodman, 2011; Goodman, 2012; Kouvari & van der Geer, 2018";NA
Carnivora;Cryptoprocta;sp. nov.;NA;NA;No;No;Eupleridae;Eupleridae;Endemic;NA;Extinct;NA;NA;NA;Eupleridae;Unpublished, Pers comm.;NA
Carnivora;Cryptoprocta;spelea;Cryptoprocta spelea;NA;Yes;No;Eupleridae;Eupleridae;Endemic;NA;Extinct;NA;Cryptoprocta antamba;NA;Eupleridae;"Burney et al., 2020; Goodman & Jungers, 2014; Kouvari & van der Geer, 2018";"Crowley, 2010; Yoder et al., 2003; Goodman et al., 2004"
Carnivora;Eupleres;goudotii;Eupleres goudotii;NA;Yes;Yes;Eupleridae;Eupleridae;Endemic;NA;Extant;NA;Eupleres goudotii;Falanouc;Eupleridae;"Gerber et al., 2012; Goodman & Helgen, 2010; Goodman, 2012; Kouvari & van der Geer, 2018";NA
Carnivora;Fossa;fossana;Fossa fossana;NA;Yes;Yes;Eupleridae;Eupleridae;Endemic;NA;Extant;NA;Viverra fossa;Spotted fanaloka;Eupleridae;"Gerber et al., 2012; Goodman, 2012; Goodman & Jungers, 2014; Kouvari & van der Geer, 2018";NA
Carnivora;Galidia;elegans;Galidia elegans;NA;Yes;Yes;Eupleridae;Eupleridae;Endemic;NA;Extant;elegans, dambrensis, occidentalis;NA;Ring-tailed vontsira;Eupleridae;"Gerber et al., 2012; Goodman, 2012; Goodman & Jungers, 2014; Kouvari & van der Geer, 2018";NA
Carnivora;Galidictis;fasciata;Galidictis fasciata;NA;Yes;Yes;Eupleridae;Eupleridae;Endemic;NA;Extant;fasciata, grandidieri;Galidictis grandidieri;Broad-striped vontsira;Eupleridae;"Gerber et al., 2012; Goodman, 2012; Kouvari & van der Geer, 2018";NA
Carnivora;Mungotictis;decemlineata;Mungotictis decemlineata;NA;Yes;Yes;Eupleridae;Eupleridae;Endemic;NA;Extant;declimineata, lineata;Mungotictis lineata;Narrow-striped boky;Eupleridae;"Goodman, 2012; Goodman & Jungers, 2014; Kouvari & van der Geer, 2018";NA
Carnivora;Salanoia;concolor;Salanoia concolor;NA;Yes;Yes;Eupleridae;Eupleridae;Endemic;NA;Extant;NA;NA;Brown-tailed vontsira;Eupleridae;"Goodman, 2012; Kouvari & van der Geer, 2018";NA
Chiroptera;Chaerephon;atsinanana;Chaerephon atsinanana;NA;Yes;Yes;Chaerephon_atsinanana;Chaerephon_atsinanana;Endemic;NA;Extant;NA;Chaerephon pumilus;Madagascar eastern free-tailed bat;Molossidae;"Goodman et al., 2010b; Naidoo et al., 2016; Goodman, 2011; Cardiff & Jenkins, 2016";NA
Chiroptera;Chaerephon;jobimena;Tadarida jobimena;Generic rearrangement;Yes;Yes;Chaerephon_jobimena;Chaerephon_jobimena;Endemic;NA;Extant;NA;NA;Malagasy western free-tailed bat;Molossidae;"Goodman, 2011; Cardiff & Jenkins, 2016";NA
Chiroptera;Chaerephon;leucogaster;NA;Not in Upham et al.;No;No;Chaerephon_leucogaster;Chaerephon_leucogaster;Non-endemic;Offshore African islands, Comoros;Extant;NA;Nyctinomous leucogaster;Grandidier's lesser free-tailed bat;Molossidae;"Goodman et al., 2010c; Naidoo et al., 2016; Goodman, 2011; Cardiff & Jenkins, 2016";NA
Chiroptera;Coleura;kibomalandy;Coleura kibomalandy;NA;Yes;Yes;Coleura_kibomalandy;Coleura_kibomalandy;Endemic;NA;Extant;NA;Coleura afra;Madagascar sheath-tailed bat;Emballonuridae;"Goodman, 2011; Cardiff & Jenkins, 2016";NA
Chiroptera;Eidolon;dupreanum;Eidolon dupreanum;NA;Yes;Yes;Eidolon_dupreanum;Eidolon_dupreanum;Endemic;NA;Extant;NA;NA;Madagascar straw-coloured fruit bat;Pteropodidae;"Goodman, 2011; Cardiff & Jenkins, 2016; Goodman & Jungers, 2014";NA
Chiroptera;Laephotis;malagasyensis;Neoromicia malagasyensis;Generic rearrangement;Yes;Yes;Laephotis malagasyensis + robertsi;Laephotis malagasyensis + robertsi;Endemic;NA;Extant;NA;Eptesicus somalicus malagasyensis;Isalo Serotine;Vespertilionidae;"Monadjem et al., 2020; Goodman et al., 2015b; Goodman, 2011; Cardiff & Jenkins, 2016";NA
Chiroptera;Laephotis;matroka;Neoromicia matroka;Generic rearrangement;Yes;Yes;Laephotis_matroka;Laephotis_matroka;Endemic;NA;Extant;NA;Neoromicia capensis, Vespertilio matroka, Eptesicus matroka;Malagasy serotine;Vespertilionidae;"Goodman et al., 2015b; Monadjem et al., 2020; Goodman, 2011; Cardiff & Jenkins, 2016";NA
Chiroptera;Laephotis;robertsi;Neoromicia robertsi;Generic rearrangement;Yes;Yes;Laephotis malagasyensis + robertsi;Laephotis malagasyensis + robertsi;Endemic;NA;Extant;NA;Neoromicia malagasyensis, Neoromicia melckorum, Neoromicia capensis;Robert's serotine;Vespertilionidae;"Goodman, 2011; Goodman et al., 2015b; Monadjem et al., 2020; Cardiff & Jenkins, 2016";NA
Chiroptera;Macronycteris;besaoka;NA;NA;No;No;Macronycteris_besaoka_commersoni;Macronycteris_besaoka;Endemic;NA;Extinct;NA;NA;NA;Hipposideridae;"Goodman, 2011; Goodman et al., 2016; Alumbaugh et al., 2021; Goodman & Jungers, 2014";Samonds, 2007
Chiroptera;Macronycteris;commersoni;Hipposideros commersoni;Generic rearrangement;Yes;Yes;Macronycteris_besaoka_commersoni;Macronycteris_commersoni;Endemic;NA;Extant;NA;Hipposideros commersoni;Commerson's leaf-nosed bat;Hipposideridae;"Goodman, 2011; Foley et al., 2017; Cardiff & Jenkins, 2016; Reher et al., 2019";NA
Chiroptera;Macronycteris;cryptovalorona;NA;Not in Upham et al., new species;No;No;Macronycteris_cryptovalorona;Macronycteris_cryptovalorona;Endemic;NA;Extant;NA;NA;Madagascar cryptic leaf-nosed bat;Hipposideridae;"Goodman et al., 2016; Goodman et al., 2009";NA
Chiroptera;Miniopterus;aelleni;Miniopterus aelleni;NA;Yes;Yes;Miniopterus;Miniopterus main clade;Non-endemic;Comoros;Extant;NA;NA;Aellen's long-fingered bat;Miniopteridae;"Goodman et al., 2009; Christidis et al., 2014; Goodman et al., 2010c; Cardiff & Jenkins, 2016";NA
Chiroptera;Miniopterus;ambohitrensis;Miniopterus ambohitrensis;NA;Yes;No;Miniopterus;Miniopterus main clade;Endemic;NA;Extant;NA;Miniopterus manavi, Miniopterus aelleni;Montagne d’Ambre long-fingered Bat;Miniopteridae;"Upham et al., 2019; Goodman et al., 2015";NA
Chiroptera;Miniopterus;brachytragos;Miniopterus brachytragos;NA;Yes;No;Miniopterus;Miniopterus main clade;Endemic;NA;Extant;NA;NA;Short-tragus long-fingered bat;Miniopteridae;"Goodman et al., 2009; Christidis et al., 2014; Cardiff & Jenkins, 2016";NA
Chiroptera;Miniopterus;egeri;Miniopterus egeri;NA;Yes;No;Miniopterus;Miniopterus main clade;Endemic;NA;Extant;NA;NA;Eger's long-fingered bat;Miniopteridae;"Goodman et al. 2011; Christidis et al., 2014; Cardiff & Jenkins, 2016";NA
Chiroptera;Miniopterus;gleni;Miniopterus gleni;NA;Yes;Yes;Miniopterus;Miniopterus main clade;Endemic;NA;Extant;NA;NA;Glen's long-fingered bat;Miniopteridae;"Christidis et al., 2014; Goodman et al., 2010; Goodman & Jungers, 2014; Cardiff & Jenkins, 2016";NA
Chiroptera;Miniopterus;griffithsi;Miniopterus griffithsi;NA;Yes;Yes;Miniopterus;Miniopterus main clade;Endemic;NA;Extant;NA;NA;Griffith's long-fingered bat;Miniopteridae;"Goodman et al., 2010; Christidis et al., 2014; Reher et al., 2019; Cardiff & Jenkins, 2016";NA
Chiroptera;Miniopterus;griveaudi;Miniopterus griveaudi;NA;Yes;Yes;Miniopterus;Miniopterus_griveaudi;Non-endemic;Comoros;Extant;NA;NA;Griveaud's long-fingered bat;Miniopteridae;"Goodman et al., 2009; Christidis et al., 2014; Goodman et al., 2010c; Cardiff & Jenkins, 2016";NA
Chiroptera;Miniopterus;mahafaliensis;Miniopterus mahafaliensis;NA;Yes;No;Miniopterus;Miniopterus_mahafaliensis;Endemic;NA;Extant;NA;Miniopterus manavi;Mahafaly long-fingered bat;Miniopteridae;"Goodman et al., 2009; Christidis et al., 2014; Reher et al., 2019; Cardiff & Jenkins, 2016";NA
Chiroptera;Miniopterus;majori;Miniopterus majori;NA;Yes;Yes;Miniopterus;Miniopterus main clade;Endemic;NA;Extant;NA;NA;Major's long-fingered bat;Miniopteridae;"Goodman & Maminirina, 2007; Christidis et al., 2014; Goodman et al., 2010c; Cardiff & Jenkins, 2016";NA
Chiroptera;Miniopterus;manavi;Miniopterus manavi;NA;Yes;Yes;Miniopterus;Miniopterus main clade;Non-endemic;Comoros;Extant;NA;Miniopterus menavi;Manavi long-fingered bat;Miniopteridae;"Goodman et al., 2009; Christidis et al., 2014; Goodman, 2011; Cardiff & Jenkins, 2016";NA
Chiroptera;Miniopterus;petersoni;Miniopterus petersoni;NA;Yes;Yes;Miniopterus;Miniopterus main clade;Endemic;NA;Extant;NA;NA;Peterson's long-fingered bat;Miniopteridae;"Goodman et al., 2008; Christidis et al., 2014; Cardiff & Jenkins, 2016";NA
Chiroptera;Miniopterus;sororculus;Miniopterus sororculus;NA;Yes;No;Miniopterus;Miniopterus_sororculus;Endemic;NA;Extant;NA;Miniopterus fraterculus;Small sister long-fingered bat;Miniopteridae;"Goodman et al., 2007; Christidis et al., 2014; Goodman, 2011; Cardiff & Jenkins, 2016";NA
Chiroptera;Mops;leucostigma;Mops leucostigma;NA;Yes;Yes;Mops_leucostigma;Mops_leucostigma;Non-endemic;Comoros;Extant;NA;Chaerephon leucostigma, Tadarida leucostigma;Malagasy large white-bellied free-tailed bat;Molossidae;"Goodman et al., 2010c; Goodman, 2011; Cardiff & Jenkins, 2016; Goodman & Jungers, 2014";NA
Chiroptera;Mops;midas;Mops midas;NA;Yes;Yes;Mops_midas;Mops_midas;Non-endemic;Africa, Arabian Peninsula;Extant;miarensis;Tadarida midas, Mops unicolor, Dysopes midas;Midas' free-tailed bat;Molossidae;"Goodman, 2011; Goodman, 2011; Cardiff & Jenkins, 2016";NA
Chiroptera;Mormopterus;jugularis;Mormopterus jugularis;NA;Yes;Yes;Mormopterus;Mormopterus;Endemic;NA;Extant;NA;NA;Peters'  goblin bat;Molossidae;"Goodman, 2011; Cardiff & Jenkins, 2016; Goodman & Jungers, 2014";NA
Chiroptera;Myotis;goudoti;Myotis goudoti;NA;Yes;Yes;Myotis_goudoti;Myotis_goudoti;Endemic;NA;Extant;NA;NA;Malagasy mouse-eared bat;Vespertilionidae;"Dammhahn et al., 2019; Goodman, 2011; Cardiff & Jenkins, 2016; Goodman & Jungers, 2014";NA
Chiroptera;Myzopoda;aurita;Myzopoda aurita;NA;Yes;Yes;Myzopoda;Myzopoda;Endemic;NA;Extant;NA;NA;Eastern sucker-footed bat;Myzopodidae;"Goodman et al. 2007; Goodman, 2011; Cardiff & Jenkins, 2016";NA
Chiroptera;Myzopoda;schliemanni;Myzopoda schliemanni;NA;Yes;Yes;Myzopoda;Myzopoda;Endemic;NA;Extant;NA;NA;Schliemann's sucker-footed bat;Myzopodidae;"Goodman et al. 2007; Goodman, 2011; Cardiff & Jenkins, 2016";NA
Chiroptera;Neoromicia;bemainty;Hypsugo bemainty;Generic rearrangement;Yes;Yes;Neoromicia_bemainty;Neoromicia_bemainty;Endemic;NA;Extant;NA;Hypsugo anchietae;Dark Madagascar pipistrelle;Vespertilionidae;"Goodman et al., 2015b; Monadjem et al., 2020; Cardiff & Jenkins, 2016";NA
Chiroptera;Otomops;madagascariensis;Otomops madagascariensis;NA;Yes;Yes;Otomops_madagascariensis;Otomops_madagascariensis;Endemic;NA;Extant;NA;NA;Malagasy large-eared free-tailed bat;Molossidae;"Lamb et al. 2008; Goodman, 2011; Cardiff & Jenkins, 2016; Goodman & Jungers, 2014";NA
Chiroptera;Paratriaenops;auritus;Paratriaenops auritus;NA;Yes;Yes;Paratriaenops;Paratriaenops;Endemic;NA;Extant;NA;Triaenops auritus;Golden trident bat;Hipposideridae;"Russell et al., 2007; Benda & Vallo, 2009; Goodman, 2011; Cardiff & Jenkins, 2016";NA
Chiroptera;Paratriaenops;furculus;Paratriaenops furculus;NA;Yes;Yes;Paratriaenops;Paratriaenops;Endemic;NA;Extant;NA;Triaenops furculus;Trouessart's trident Bat;Hipposideridae;"Russell et al., 2007; Reher et al., 2019; Goodman, 2011; Cardiff & Jenkins, 2016";NA
Chiroptera;Paratriaenops;goodmani;NA;NA;No;No;Paratriaenops;Paratriaenops;Endemic;NA;Extinct;NA;Triaenops goodmani;NA;Hipposideridae;"Werdelin & Sanders, 2010; Goodman & Jungers, 2014";Samonds, 2007
Chiroptera;Paremballonura;atrata;Emballonura atrata;Generic rearrangement;Yes;Yes;Paremballonura;Paremballonura;Endemic;NA;Extant;NA;Emballonura atrata;Peters' sheath-tailed bat;Emballonuridae;"Werdelin & Sanders, 2010; Goodman et al., 2006; Cardiff & Jenkins, 2016; Goodman & Jungers, 2014";NA
Chiroptera;Paremballonura;tiavato;Emballonura tiavato;Generic rearrangement;Yes;Yes;Paremballonura;Paremballonura;Endemic;NA;Extant;NA;Emballonura tiavato;Rock-dwelling sheath-tailed bat;Emballonuridae;"Goodman et al., 2006; Goodman, 2011; Cardiff & Jenkins, 2016; Goodman & Jungers, 2014";NA
Chiroptera;Pipistrellus;hesperidus;Pipistrellus hesperidus;NA;Yes;Yes;Pipistrellus_hesperidus;Pipistrellus_hesperidus;Non-endemic;Africa;Extant;NA;Pipistrellus kuhlii;Dusky pipistrelle;Vespertilionidae;"Goodman et al., 2015b; Dammhahn et al., 2019; Cardiff & Jenkins, 2016";NA
Chiroptera;Pipistrellus;raceyi;Pipistrellus raceyi;NA;Yes;No;Pipistrellus_raceyi;Pipistrellus_raceyi;Endemic;NA;Extant;NA;NA;Racey's pipistrelle;Vespertilionidae;"Goodman et al., 2015b; Dammhahn et al., 2019; Cardiff & Jenkins, 2016";NA
Chiroptera;Pteropus;rufus;Pteropus rufus;NA;Yes;Yes;Pteropus_rufus;Pteropus_rufus;Endemic;NA;Extant;NA;NA;Madagascar flying fox;Pteropodidae;"Goodman, 2011; Cardiff & Jenkins, 2016; Goodman & Jungers, 2014";NA
Chiroptera;Rousettus;madagascariensis;Rousettus madagascariensis;NA;Yes;Yes;Rousettus_madagascariensis;Rousettus_madagascariensis;Endemic;NA;Extant;NA;NA;Madagascar rousette;Pteropodidae;"Goodman, 2011; Cardiff & Jenkins, 2016; Goodman & Jungers, 2014";NA
Chiroptera;Scotophilus;marovaza;Scotophilus marovaza;NA;Yes;Yes;Scotophilus_maro_tandr;Scotophilus_maro_tandr;Endemic;NA;Extant;NA;NA;Marovaza house bat;Vespertilionidae;"Goodman et al., 2006; Dammhahn et al., 2019; Goodman, 2011; Cardiff & Jenkins, 2016";NA
Chiroptera;Scotophilus;robustus;Scotophilus robustus;NA;Yes;Yes;Scotophilus_robustus;Scotophilus_robustus;Endemic;NA;Extant;NA;NA;Malagasy large house bat;Vespertilionidae;"Dammhahn et al., 2019; Goodman, 2011; Cardiff & Jenkins, 2016";NA
Chiroptera;Scotophilus;tandrefana;Scotophilus tandrefana;NA;Yes;Yes;Scotophilus_maro_tandr;Scotophilus_maro_tandr;Endemic;NA;Extant;NA;NA;Malagasy western house bat;Vespertilionidae;"Goodman et al., 2005b; Goodman, 2011; Cardiff & Jenkins, 2016";NA
Chiroptera;Tadarida;fulminans;Tadarida fulminans;NA;Yes;Yes;Tadarida_fulminans;Tadarida_fulminans;Non-endemic;Africa;Extant;NA;Tadarida miarensis;Malagasy free-tailed bat;Molossidae;"Goodman, 2011; Cardiff & Jenkins, 2016";NA
Chiroptera;Taphozous;mauritianus;Taphozous mauritianus;NA;Yes;Yes;Taphozous_mauritianus;Taphozous_mauritianus;Non-endemic;Africa, Comoros, Mascarenes, Aldabra, Mauritius, Réunion, Assumption;Extant;NA;NA;Mauritian tomb bat;Emballonuridae;"Goodman et al., 2010c; Goodman, 2011; Cardiff & Jenkins, 2016";NA
Chiroptera;Triaenops;menamena;Triaenops menamena;NA;Yes;Yes;Triaenops_menamena;Triaenops_menamena;Endemic;NA;Extant;NA;Tadarida rufus;Rufous trident bat;Hipposideridae;"Goodman & Ranivo, 2009;  Reher et al., 2019; Russell et al., 2007; Cardiff & Jenkins, 2016";NA
Primates;Allocebus;trichotis;Allocebus trichotis;NA;Yes;Yes;Lemuroidea;Lemuroidea;Endemic;NA;Extant;NA;Cheirogaleus trichotis;Hairy-eared dwarf lemur;Cheirogaleidae;"Groves, 2016; Mittermeier et al., 2014; Herrera & Davalos, 2016; Kouvari & van der Geer, 2018";NA
Primates;Archaeoindris;fontoynontii;NA;NA;No;No;Lemuroidea;Lemuroidea;Endemic;NA;Extinct;NA;NA;Sloth lemur;Palaeopropithecidae;"Werdelin & Sanders, 2010; Herrera & Davalos, 2016; Goodman & Jungers, 2014; Kouvari & van der Geer, 2018";"Crowley, 2010; Godfrey et al., 2010; Mittermeier et al. 2010"
Primates;Archaeolemur;edwardsi;Archaeolemur edwardsi;NA;Yes;No;Lemuroidea;Lemuroidea;Endemic;NA;Extinct;NA;NA;Monkey Lemur;Archaeolemuridae;"Burney et al., 2020; Herrera & Davalos, 2016; Goodman & Jungers, 2014; Kouvari & van der Geer, 2018";"Crowley, 2010; Mittermeier, 2010"
Primates;Archaeolemur;majori;Archaeolemur majori;NA;Yes;Yes;Lemuroidea;Lemuroidea;Endemic;NA;Extinct;NA;NA;NA;Archaeolemuridae;"Werdelin & Sanders, 2010; Herrera & Davalos, 2016; Goodman & Jungers, 2014; Kouvari & van der Geer, 2018";"Kouvari & van der Geer, 2018; Crowley, 2010; Jungers et al., 2005"
Primates;Avahi;betsileo;Avahi betsileo;NA;Yes;No;Lemuroidea;Lemuroidea;Endemic;NA;Extant;NA;NA;Betsileo woolly lemur;Indriidae;"Herrera, 2017; Andriantompohavana et al., 2007; Herrera & Davalos, 2016";NA
Primates;Avahi;cleesei;Avahi cleesei;NA;Yes;Yes;Lemuroidea;Lemuroidea;Endemic;NA;Extant;NA;NA;Cleese's bemaraha woolly lemur;Indriidae;"Andriantompohavana et al., 2007; Mittermeier et al., 2014; Herrera & Davalos, 2016; Kouvari & van der Geer, 2018";NA
Primates;Avahi;laniger;Avahi laniger;NA;Yes;Yes;Lemuroidea;Lemuroidea;Endemic;NA;Extant;NA;NA;Eastern woolly lemur;Indriidae;"Andriantompohavana et al., 2007;  Herrera & Davalos, 2016; Goodman & Jungers, 2014; Kouvari & van der Geer, 2018";NA
Primates;Avahi;meridionalis;Avahi meridionalis;NA;Yes;No;Lemuroidea;Lemuroidea;Endemic;NA;Extant;NA;NA;Southern woolly lemur;Indriidae;"Herrera, 2017; Zaramody et al., 2006; Andriantompohavana et al., 2007; Herrera & Davalos, 2016";NA
Primates;Avahi;mooreorum;Avahi mooreorum;NA;Yes;No;Lemuroidea;Lemuroidea;Endemic;NA;Extant;NA;NA;Moore's Masoala woolly lemur ;Indriidae;"Herrera, 2017; Fenosoa et al., 2018; Sawyer et al., 2017; Lei et al., 2008";NA
Primates;Avahi;occidentalis;Avahi occidentalis;NA;Yes;Yes;Lemuroidea;Lemuroidea;Endemic;NA;Extant;NA;NA;Lorenz Von Liburnau's western woolly lemur;Indriidae;"Herrera, 2017; Andriantompohavana et al., 2007; Mittermeier et al., 2014; Herrera & Davalos, 2016";NA
Primates;Avahi;peyrierasi;Avahi peyrierasi;NA;Yes;No;Lemuroidea;Lemuroidea;Endemic;NA;Extant;NA;NA;Peyrieras' woolly lemur;Indriidae;"Zaramody et al., 2006; Herrera, 2017; Andriantompohavana et al., 2007; Herrera & Davalos, 2016";NA
Primates;Avahi;ramanantsoavanai;Avahi ramanantsoavanai;NA;Yes;No;Lemuroidea;Lemuroidea;Endemic;NA;Extant;NA;NA;Ramantsoavana's southern woolly lemur;Indriidae;"Zaramody et al., 2006; Herrera, 2017; Andriantompohavana et al., 2007; Herrera & Davalos, 2016";NA
Primates;Avahi;unicolor;Avahi unicolor;NA;Yes;No;Lemuroidea;Lemuroidea;Endemic;NA;Extant;NA;NA;Sambirano woolly lemur;Indriidae;"Zaramody et al., 2006; Mittermeier et al., 2014; Herrera & Davalos, 2016; Kouvari & van der Geer, 2018";NA
Primates;Babakotia;radofilai;NA;NA;No;No;Lemuroidea;Lemuroidea;Endemic;NA;Extinct;NA;NA;NA;Palaeopropithecidae;"Burney et al., 2020; Herrera & Davalos, 2016; Goodman & Jungers, 2014; Kouvari & van der Geer, 2018";"Burney et al., 2020; Nowak & Walker, 1999"
Primates;Cheirogaleus;andysabini;NA;Not in Upham et al., new species;No;No;Lemuroidea;Lemuroidea;Endemic;NA;Extant;NA;NA;Montagne d'Ambre dwarf lemur;Cheirogaleidae;"Lei et al., 2015; Groves, 2016";NA
Primates;Cheirogaleus;crossleyi;Cheirogaleus crossleyi;NA;Yes;Yes;Lemuroidea;Lemuroidea;Endemic;NA;Extant;NA;Cheirogaleus melanotis;Crossley's dwarf lemur;Cheirogaleidae;"Lei et al., 2014; Groves, 2016; Herrera & Davalos, 2016; Kouvari & van der Geer, 2018";NA
Primates;Cheirogaleus;grovesi;NA;Not in Upham et al., new species;No;No;Lemuroidea;Lemuroidea;Endemic;NA;Extant;NA;NA;Grove's dwarf lemur;Cheirogaleidae;McLain et al., 2017;NA
Primates;Cheirogaleus;lavasoensis;Cheirogaleus lavasoensis;NA;Yes;Yes;Lemuroidea;Lemuroidea;Endemic;NA;Extant;NA;Cheirogaleus crossleyi;Lavasoa dwarf lemur;Cheirogaleidae;"Lei et al., 2015; Theile et al., 2013; Lei et al., 2014; Herrera & Davalos, 2016";NA
Primates;Cheirogaleus;major;Cheirogaleus major;NA;Yes;Yes;Lemuroidea;Lemuroidea;Endemic;NA;Extant;NA;Cheirogaleus ravus;Geoffroy's greater dwarf lemur;Cheirogaleidae;"Lei et al., 2014; Herrera & Davalos, 2016; Goodman & Jungers, 2014; Kouvari & van der Geer, 2018";NA
Primates;Cheirogaleus;medius;Cheirogaleus medius;NA;Yes;Yes;Lemuroidea;Lemuroidea;Endemic;NA;Extant;NA;Cheirogaleus adipicaudatus;Western fat-tailed dwarf lemur;Cheirogaleidae;"Lei et al., 2014; Herrera & Davalos, 2016; Goodman & Jungers, 2014; Kouvari & van der Geer, 2018";NA
Primates;Cheirogaleus;minusculus;Cheirogaleus minusculus;NA;Yes;No;Lemuroidea;Lemuroidea;Endemic;NA;Extant;NA;NA;Lesser Iron-gray dwarf lemur;Cheirogaleidae;"Groeneveld et al., 2011; Lei et al., 2014; Groves, 2016; Kouvari & van der Geer, 2018";NA
Primates;Cheirogaleus;shethi;NA;Not in Upham et al., new species;No;No;Lemuroidea;Lemuroidea;Endemic;NA;Extant;NA;NA;Sheth's Ankarana dwarf lemur;Cheirogaleidae;Frasier et al., 2016;NA
Primates;Cheirogaleus;sibreei;Cheirogaleus sibreei;NA;Yes;Yes;Lemuroidea;Lemuroidea;Endemic;NA;Extant;NA;NA;Sibree's dwarf lemur;Cheirogaleidae;"Lei et al., 2014; Groves, 2016; Herrera & Davalos, 2016; Kouvari & van der Geer, 2018";NA
Primates;Cheirogaleus;thomasi;NA;Not in Upham et al., new species;No;No;Lemuroidea;Lemuroidea;Endemic;NA;Extant;NA;NA;Thomas' Dwarf Lemur;Cheirogaleidae;Lei et al., 2014;NA
Primates;Daubentonia;madagascariensis;Daubentonia madagascariensis;NA;Yes;Yes;Lemuroidea;Lemuroidea;Endemic;NA;Extant;NA;NA;Aye-aye;Daubentoniidae;"Mittermeier et al., 2014; Herrera & Davalos, 2016; Goodman & Jungers, 2014; Kouvari & van der Geer, 2018";NA
Primates;Daubentonia;robusta;NA;NA;No;No;Lemuroidea;Lemuroidea;Endemic;NA;Extinct;NA;NA;Giant aye-aye;Daubentoniidae;"Mittermeier et al., 2014; Herrera & Davalos, 2016; Goodman & Jungers, 2014; Kouvari & van der Geer, 2018";"Burney et al., 2004; Crowley, 2010; Quinn & Wilson, 2004"
Primates;Eulemur;albifrons;Eulemur albifrons;NA;Yes;Yes;Lemuroidea;Lemuroidea;Endemic;NA;Extant;NA;Eulemur fulvus albifrons;White-fronted brown lemur;Lemuridae;"Herrera, 2017; Mittermeier et al., 2014; Herrera & Davalos, 2016";NA
Primates;Eulemur;cinereiceps;Eulemur cinereiceps;NA;Yes;Yes;Lemuroidea;Lemuroidea;Endemic;NA;Extant;NA;Eulemur albocollaris, Eulemur fulvus albocollaris;White-collared lemur;Lemuridae;"Herrera, 2017; Sato et al., 2016; Mittermeier et al., 2014; Herrera & Davalos, 2016";NA
Primates;Eulemur;collaris;Eulemur collaris;NA;Yes;Yes;Lemuroidea;Lemuroidea;Endemic;NA;Extant;NA;Eulemur fulvus collaris;Collared brown lemur;Lemuridae;"Herrera, 2017; Sato et al., 2016; Mittermeier et al., 2014; Herrera & Davalos, 2016";NA
Primates;Eulemur;coronatus;Eulemur coronatus;NA;Yes;Yes;Lemuroidea;Lemuroidea;Endemic;NA;Extant;NA;NA;Crowned lemur;Lemuridae;"Mittermeier et al., 2014;  Herrera & Davalos, 2016; Goodman & Jungers, 2014; Kouvari & van der Geer, 2018";NA
Primates;Eulemur;flavifrons;Eulemur flavifrons;NA;Yes;Yes;Lemuroidea;Lemuroidea;Endemic;NA;Extant;NA;Eulemur macaco flavifrons;Sclater's Blue-eyed black lemur;Lemuridae;"Herrera, 2017; Herrera, 2017; Mittermeier et al., 2014; Herrera & Davalos, 2016";NA
Primates;Eulemur;fulvus;Eulemur fulvus;NA;Yes;Yes;Lemuroidea;Lemuroidea;Endemic;NA;Extant;NA;NA;Common brown lemur;Lemuridae;"Sato et al., 2016;  Herrera & Davalos, 2016; Goodman & Jungers, 2014; Kouvari & van der Geer, 2018";NA
Primates;Eulemur;macaco;Eulemur macaco;NA;Yes;Yes;Lemuroidea;Lemuroidea;Endemic;NA;Extant;NA;Eulemur macaco macaco;Black lemur;Lemuridae;"Sato et al., 2016; Mittermeier et al., 2014; Herrera & Davalos, 2016; Kouvari & van der Geer, 2018";NA
Primates;Eulemur;mongoz;Eulemur mongoz;NA;Yes;Yes;Lemuroidea;Lemuroidea;Endemic;Introduced to Comoros;Extant;NA;NA;Mongoose lemur;Lemuridae;"Sato et al., 2016;  Herrera & Davalos, 2016; Goodman & Jungers, 2014; Kouvari & van der Geer, 2018";NA
Primates;Eulemur;rubriventer;Eulemur rubriventer;NA;Yes;Yes;Lemuroidea;Lemuroidea;Endemic;NA;Extant;NA;NA;Red-bellied lemur;Lemuridae;"Sato et al., 2016; Mittermeier et al., 2014; Herrera & Davalos, 2016; Kouvari & van der Geer, 2018";NA
Primates;Eulemur;rufifrons;Eulemur rufifrons;NA;Yes;Yes;Lemuroidea;Lemuroidea;Endemic;NA;Extant;NA;NA;Bennett's Red-fronted brown lemur;Lemuridae;"Herrera, 2017; Sato et al., 2016; Herrera & Davalos, 2016";NA
Primates;Eulemur;rufus;Eulemur rufus;NA;Yes;Yes;Lemuroidea;Lemuroidea;Endemic;NA;Extant;NA;Eulemur fulvus rufus;Audebert's red-fronted brown lemur;Lemuridae;"Herrera, 2017; Rakotonirina et al., 2014; Mittermeier et al., 2014; Herrera & Davalos, 2016";NA
Primates;Eulemur;sanfordi;Eulemur sanfordi;NA;Yes;Yes;Lemuroidea;Lemuroidea;Endemic;NA;Extant;NA;Eulemur fulvus sanfordi;Sanford's brown lemur;Lemuridae;"Herrera, 2017; Mittermeier et al., 2014; Herrera & Davalos, 2016";NA
Primates;Hadropithecus;stenognathus;NA;NA;No;No;Lemuroidea;Lemuroidea;Endemic;NA;Extinct;NA;NA;NA;Archaeolemuridae;"Kistler et al., 2015; Herrera & Davalos, 2016; Goodman & Jungers, 2014; Kouvari & van der Geer, 2018";"Burney et al., 2004; Crowley, 2010; Mittermeier, 2006"
Primates;Hapalemur;alaotrensis;Hapalemur alaotrensis;NA;Yes;Yes;Lemuroidea;Lemuroidea;Endemic;NA;Extant;NA;Hapalemur griseus alaotrensis;Alaotra gentle reed lemur;Lemuridae;"Herrera, 2017; Mittermeier et al., 2014; Herrera & Davalos, 2016";NA
Primates;Hapalemur;aureus;Hapalemur aureus;NA;Yes;Yes;Lemuroidea;Lemuroidea;Endemic;NA;Extant;NA;NA;Golden bamboo lemur;Lemuridae;"Herrera, 2017; Mittermeier et al., 2014; Herrera & Davalos, 2016; Kouvari & van der Geer, 2018";NA
Primates;Hapalemur;griseus;Hapalemur griseus;NA;Yes;Yes;Lemuroidea;Lemuroidea;Endemic;NA;Extant;NA;Hapalemur ranomafanensis;Eastern lesser bamboo lemur;Lemuridae;"Mittermeier et al., 2014;  Herrera & Davalos, 2016; Goodman & Jungers, 2014; Kouvari & van der Geer, 2018";NA
Primates;Hapalemur;meridionalis;Hapalemur meridionalis;NA;Yes;No;Lemuroidea;Lemuroidea;Endemic;NA;Extant;NA;NA;Rusty-grey lesser/southern grey gentle bamboo lemur;Lemuridae;"Herrera, 2017; Mittermeier et al., 2014; Herrera & Davalos, 2016; Kouvari & van der Geer, 2018";NA
Primates;Hapalemur;occidentalis;Hapalemur occidentalis;NA;Yes;Yes;Lemuroidea;Lemuroidea;Endemic;NA;Extant;NA;NA;Sambirano lesser/western grey bamboo lemur;Lemuridae;"Herrera, 2017; Mittermeier et al., 2014; Herrera & Davalos, 2016";NA
Primates;Indri;indri;Indri indri;NA;Yes;Yes;Lemuroidea;Lemuroidea;Endemic;NA;Extant;NA;NA;Indri;Indriidae;"Mittermeier et al., 2014;  Herrera & Davalos, 2016; Goodman & Jungers, 2014; Kouvari & van der Geer, 2018";NA
Primates;Lemur;catta;Lemur catta;NA;Yes;Yes;Lemuroidea;Lemuroidea;Endemic;NA;Extant;NA;NA;Ring-tailed lemur;Lemuridae;"Mittermeier et al., 2014;  Herrera & Davalos, 2016; Goodman & Jungers, 2014; Kouvari & van der Geer, 2018";NA
Primates;Lepilemur;aeeclis;Lepilemur aeeclis;NA;Yes;Yes;Lemuroidea;Lemuroidea;Endemic;NA;Extant;NA;NA;Antafia red-shouldered sportive lemur;Lepilemuridae;"Andriaholinirina et al., 2006; Lei et al., 2017; Mittermeier et al., 2014; Herrera & Davalos, 2016";NA
Primates;Lepilemur;ahmansonorum;Lepilemur ahmansonorum;NA;Yes;No;Lemuroidea;Lemuroidea;Endemic;NA;Extant;NA;Lepilemur ahmansoni;Ahmanson's sportive lemur;Lepilemuridae;"Louis Jr. et al., 2006; Herrera, 2017; Lei et al., 2017; Mittermeier et al., 2014";NA
Primates;Lepilemur;ankaranensis;Lepilemur ankaranensis;NA;Yes;Yes;Lemuroidea;Lemuroidea;Endemic;NA;Extant;NA;NA;Ankarana sportive lemur;Lepilemuridae;"Lei et al., 2017; Mittermeier et al., 2014; Herrera & Davalos, 2016; Kouvari & van der Geer, 2018";NA
Primates;Lepilemur;betsileo;Lepilemur betsileo;NA;Yes;No;Lemuroidea;Lemuroidea;Endemic;NA;Extant;NA;NA;Betsileo sportive lemur;Lepilemuridae;"Louis Jr. et al., 2006; Herrera, 2017; Lei et al., 2017; Mittermeier et al., 2014";NA
Primates;Lepilemur;dorsalis;Lepilemur dorsalis;NA;Yes;Yes;Lemuroidea;Lemuroidea;Endemic;NA;Extant;NA;NA;Gray-backed sportive lemur;Lepilemuridae;"Lei et al., 2017; Mittermeier et al., 2014; Herrera & Davalos, 2016; Goodman & Jungers, 2014";NA
Primates;Lepilemur;edwardsi;Lepilemur edwardsi;NA;Yes;Yes;Lemuroidea;Lemuroidea;Endemic;NA;Extant;NA;NA;Milne-Edward's sportive lemur;Lepilemuridae;"Lei et al., 2017; Mittermeier et al., 2014; Herrera & Davalos, 2016; Goodman & Jungers, 2014";NA
Primates;Lepilemur;fleuretae;Lepilemur fleuretae;NA;Yes;No;Lemuroidea;Lemuroidea;Endemic;NA;Extant;NA;NA;Fleurete's sportive lemur;Lepilemuridae;"Louis Jr. et al., 2006; Herrera, 2017; Lei et al., 2014; Mittermeier et al., 2014";NA
Primates;Lepilemur;grewcockorum;Lepilemur grewcockorum;NA;Yes;Yes;Lemuroidea;Lemuroidea;Endemic;NA;Extant;NA;Lepilemur manasamody, Lepilemur grewcocki;Grewcock's sportive lemur;Lepilemuridae;"Louis Jr. et al., 2006; Lei et al., 2015; Mittermeier et al., 2014; Herrera & Davalos, 2016";NA
Primates;Lepilemur;hollandorum;Lepilemur hollandorum;NA;Yes;No;Lemuroidea;Lemuroidea;Endemic;NA;Extant;NA;NA;Holland's sportive lemur;Lepilemuridae;"Herrera, 2017; Lei et al., 2017; Ramaromilanto et al., 2009";NA
Primates;Lepilemur;hubbardorum;Lepilemur hubbardorum;NA;Yes;Yes;Lemuroidea;Lemuroidea;Endemic;NA;Extant;NA;Lepilemur hubbardi;Hubbard's sportive lemur;Lepilemuridae;"Louis Jr. et al., 2006; Lei et al., 2017; Mittermeier et al., 2014; Herrera & Davalos, 2016";NA
Primates;Lepilemur;jamesorum;Lepilemur jamesorum;NA;Yes;Yes;Lemuroidea;Lemuroidea;Endemic;NA;Extant;NA;Lepilemur jamesi;James' sportive lemur;Lepilemuridae;"Louis Jr. et al., 2006; Lei et al., 2017; Mittermeier et al., 2014; Herrera & Davalos, 2016";NA
Primates;Lepilemur;leucopus;Lepilemur leucopus;NA;Yes;Yes;Lemuroidea;Lemuroidea;Endemic;NA;Extant;NA;NA;White-footed sportive lemur;Lepilemuridae;"Lei et al., 2017; Mittermeier et al., 2014; Herrera & Davalos, 2016; Goodman & Jungers, 2014";NA
Primates;Lepilemur;microdon;Lepilemur microdon;NA;Yes;Yes;Lemuroidea;Lemuroidea;Endemic;NA;Extant;NA;NA;Small-toothed sportive lemur;Lepilemuridae;"Lei et al., 2017; Mittermeier et al., 2014; Herrera & Davalos, 2016; Kouvari & van der Geer, 2018";NA
Primates;Lepilemur;milanoii;Lepilemur milanoii;NA;Yes;No;Lemuroidea;Lemuroidea;Endemic;NA;Extant;NA;NA;Daraina sportive lemur;Lepilemuridae;"Louis Jr. et al., 2006; Herrera, 2017; Lei et al., 2017; Mittermeier et al., 2014";NA
Primates;Lepilemur;mittermeieri;Lepilemur mittermeieri;NA;Yes;Yes;Lemuroidea;Lemuroidea;Endemic;NA;Extant;NA;NA;Mittermeier's sportive lemur;Lepilemuridae;"Rabarivola et al., 2006; Lei et al., 2017; Mittermeier et al., 2014; Herrera & Davalos, 2016";NA
Primates;Lepilemur;mustelinus;Lepilemur mustelinus;NA;Yes;Yes;Lemuroidea;Lemuroidea;Endemic;NA;Extant;NA;NA;Weasel sportive lemur;Lepilemuridae;"Lei et al., 2017; Mittermeier et al., 2014; Herrera & Davalos, 2016; Kouvari & van der Geer, 2018";NA
Primates;Lepilemur;otto;Lepilemur otto;NA;Yes;Yes;Lemuroidea;Lemuroidea;Endemic;NA;Extant;NA;NA;Otto's sportive lemur;Lepilemuridae;"Craul et al., 2007; Herrera, 2017; Lei et al., 2017; Herrera & Davalos, 2016";NA
Primates;Lepilemur;petteri;Lepilemur petteri;NA;Yes;No;Lemuroidea;Lemuroidea;Endemic;NA;Extant;NA;NA;Petter's sportive lemur;Lepilemuridae;"Louis Jr. et al., 2006; Herrera, 2017; Lei et al., 2017; Mittermeier et al., 2014";NA
Primates;Lepilemur;randrianasoloi;Lepilemur randrianasoloi;NA;Yes;Yes;Lemuroidea;Lemuroidea;Endemic;NA;Extant;NA;Lepilemur randrianasoli;Randrianasolo's sportive lemur;Lepilemuridae;"Andriaholinirina et al., 2006; Lei et al., 2017; Mittermeier et al., 2014; Herrera & Davalos, 2016";NA
Primates;Lepilemur;ruficaudatus;Lepilemur ruficaudatus;NA;Yes;Yes;Lemuroidea;Lemuroidea;Endemic;NA;Extant;NA;NA;Red-tailed sportive lemur;Lepilemuridae;"Lei et al., 2017; Mittermeier et al., 2014; Herrera & Davalos, 2016; Goodman & Jungers, 2014";NA
Primates;Lepilemur;sahamalazensis;Lepilemur sahamalazensis;NA;Yes;Yes;Lemuroidea;Lemuroidea;Endemic;NA;Extant;NA;Lepilemur sahamalaza;Sahamalaza Peninsula sportive lemur;Lepilemuridae;"Andriaholinirina et al., 2006; Lei et al., 2017; Mittermeier et al., 2014; Herrera & Davalos, 2016";NA
Primates;Lepilemur;scottorum;Lepilemur scottorum;NA;Yes;No;Lemuroidea;Lemuroidea;Endemic;NA;Extant;NA;NA;Scott's Masoala sportive lemur;Lepilemuridae;"Herrera, 2017; Fenosoa et al., 2018; Lei et al., 2008";NA
Primates;Lepilemur;seali;Lepilemur seali;NA;Yes;No;Lemuroidea;Lemuroidea;Endemic;NA;Extant;NA;NA;Seal's sportive lemur;Lepilemuridae;"Louis Jr. et al., 2006; Lei et al., 2017; Mittermeier et al., 2014; Herrera & Davalos, 2016";NA
Primates;Lepilemur;septentrionalis;Lepilemur septentrionalis;NA;Yes;Yes;Lemuroidea;Lemuroidea;Endemic;NA;Extant;NA;NA;Northern sahafary sportive lemur;Lepilemuridae;"Lei et al., 2017; Mittermeier et al., 2014; Herrera & Davalos, 2016; Kouvari & van der Geer, 2018";NA
Primates;Lepilemur;tymerlachsonorum;Lepilemur tymerlachsoni;NA;Yes;No;Lemuroidea;Lemuroidea;Endemic;NA;Extant;NA;Lepilemur tymerlachsonorum;Hawk's Nosy Be sportive lemur;Lepilemuridae;"Louis Jr. et al., 2006; Herrera, 2017; Lei et al., 2017; Mittermeier et al., 2014";NA
Primates;Lepilemur;wrightae;Lepilemur wrightae;NA;Yes;No;Lemuroidea;Lemuroidea;Endemic;NA;Extant;NA;Lepilemur wrighti;Wright's sportive lemur;Lepilemuridae;"Louis Jr. et al., 2006; Herrera, 2017; Lei et al., 2017; Mittermeier et al., 2014";NA
Primates;Megaladapis;edwardsi;Megaladapis edwardsi;NA;Yes;Yes;Lemuroidea;Lemuroidea;Endemic;NA;Extinct;NA;NA;NA;Megaladapidae;"Kistler et al., 2015; Herrera & Davalos, 2016; Goodman & Jungers, 2014; Kouvari & van der Geer, 2018";"Burney et al., 2004; Crowley, 2010"
Primates;Megaladapis;grandidieri;NA;NA;No;No;Lemuroidea;Lemuroidea;Endemic;NA;Extinct;NA;NA;NA;Megaladapidae;"Werdelin & Sanders, 2010; Herrera & Davalos, 2016; Goodman & Jungers, 2014; Kouvari & van der Geer, 2018";"Crowley, 2010; Muldoon, 2010"
Primates;Megaladapis;madagascariensis;NA;NA;No;No;Lemuroidea;Lemuroidea;Endemic;NA;Extinct;NA;NA;NA;Megaladapidae;"Werdelin & Sanders, 2010; Herrera & Davalos, 2016; Goodman & Jungers, 2014; Kouvari & van der Geer, 2018";"Crowley, 2010; Muldoon, 2010"
Primates;Mesopropithecus;dolichobrachion;NA;NA;No;No;Lemuroidea;Lemuroidea;Endemic;NA;Extinct;NA;NA;NA;Palaeopropithecidae;"Werdelin & Sanders, 2010; Herrera & Davalos, 2016; Goodman & Jungers, 2014; Kouvari & van der Geer, 2018";"Burney et al., 2004; Crowley, 2010; Godfrey et al., 2010"
Primates;Mesopropithecus;globiceps;NA;NA;No;No;Lemuroidea;Lemuroidea;Endemic;NA;Extinct;NA;NA;NA;Palaeopropithecidae;"Rosenberger et al., 2015; Werdelin & Sanders, 2010; Goodman & Jungers, 2014; Kouvari & van der Geer, 2018";"Kouvari & van der Geer, 2018; Crowley, 2010; Burney et al., 2004"
Primates;Mesopropithecus;pithecoides;NA;NA;No;No;Lemuroidea;Lemuroidea;Endemic;NA;Extinct;NA;NA;NA;Palaeopropithecidae;"Herrera, 2017; Werdelin & Sanders, 2010; Herrera & Davalos, 2016";"Burney et al., 2004; Crowley, 2010"
Primates;Microcebus;arnholdi;Microcebus arnholdi;NA;Yes;No;Lemuroidea;Lemuroidea;Endemic;NA;Extant;NA;NA;Arnhold's mouse lemur;Cheirogaleidae;"Herrera, 2017; Sgarlata et al., 2019; Louis Jr. et al., 2008; Herrera & Davalos, 2016";NA
Primates;Microcebus;berthae;Microcebus berthae;NA;Yes;Yes;Lemuroidea;Lemuroidea;Endemic;NA;Extant;NA;NA;Madame Berthe's mouse lemur;Cheirogaleidae;"Rasoloarison et al., 2000; Mittermeier et al., 2014; Herrera & Davalos, 2016; Kouvari & van der Geer, 2018";NA
Primates;Microcebus;bongolavensis;Microcebus bongolavensis;NA;Yes;Yes;Lemuroidea;Lemuroidea;Endemic;NA;Extant;NA;NA;Bongolava mouse lemur;Cheirogaleidae;"Sgarlata et al., 2019; Olivieri et al., 2007; Mittermeier et al., 2014; Herrera & Davalos, 2016";NA
Primates;Microcebus;boraha;NA;Not in Upham et al., new species;No;No;Lemuroidea;Lemuroidea;Endemic;NA;Extant;NA;Microcebus simmonsi;Boraha mouse lemur;Cheirogaleidae;"Sgarlata et al., 2019; Hotaling et al., 2016";NA
Primates;Microcebus;danfossi;Microcebus danfossi;NA;Yes;No;Lemuroidea;Lemuroidea;Endemic;NA;Extant;NA;Microcebus danfossorum;Danfoss' mouse lemur;Cheirogaleidae;"Setash et al., 2017; Olivieri et al., 2007; Sgarlata et al., 2019; Herrera & Davalos, 2016";NA
Primates;Microcebus;ganzhorni;NA;Not in Upham et al., new species;No;No;Lemuroidea;Lemuroidea;Endemic;NA;Extant;NA;NA;Ganzhorn's mouse lemur;Cheirogaleidae;"Sgarlata et al., 2019; Setash et al., 2017; Hotaling et al., 2016";NA
Primates;Microcebus;gerpi;Microcebus gerpi;NA;Yes;Yes;Lemuroidea;Lemuroidea;Endemic;NA;Extant;NA;NA;Gerp's mouse lemur;Cheirogaleidae;"Herrera, 2017; Radespiel et al., 2012; Herrera & Davalos, 2016";NA
Primates;Microcebus;griseorufus;Microcebus griseorufus;NA;Yes;Yes;Lemuroidea;Lemuroidea;Endemic;NA;Extant;NA;NA;Gray-brown mouse lemur;Cheirogaleidae;"Rasoloarison et al., 2000; Herrera & Davalos, 2016; Goodman & Jungers, 2014; Kouvari & van der Geer, 2018";NA
Primates;Microcebus;jollyae;Microcebus jollyae;NA;Yes;No;Lemuroidea;Lemuroidea;Endemic;NA;Extant;NA;NA;Jolly's mouse lemur;Cheirogaleidae;"Sgarlata et al., 2019; Louis Jr. et al., 2006; Mittermeier et al., 2014; Herrera & Davalos, 2016";NA
Primates;Microcebus;jonahi;NA;Not in Upham et al., new species;No;No;Lemuroidea;Lemuroidea;Endemic;NA;Extant;NA;NA;Jonah's mouse lemur;Cheirogaleidae;Schüßler et al., 2020;NA
Primates;Microcebus;lehilahytsara;Microcebus lehilahytsara;NA;Yes;Yes;Lemuroidea;Lemuroidea;Endemic;NA;Extant;NA;NA;Goodman's mouse lemur;Cheirogaleidae;"Herrera, 2017; Roos & Kappeler, 2006; Herrera & Davalos, 2016; Kouvari & van der Geer, 2018";NA
Primates;Microcebus;macarthurii;Microcebus macarthurii;NA;Yes;Yes;Lemuroidea;Lemuroidea;Endemic;NA;Extant;NA;NA;MacArthur's mouse lemur;Cheirogaleidae;"Herrera, 2017; Radespiel et al., 2008; Herrera & Davalos, 2016";NA
Primates;Microcebus;mamiratra;Microcebus mamiratra;NA;Yes;No;Lemuroidea;Lemuroidea;Endemic;NA;Extant;NA;Microcebus lokobensis;Claire's mouse lemur;Cheirogaleidae;"Sgarlata et al., 2019; Andriantompohavana et al., 2006; Mittermeier et al., 2014; Herrera & Davalos, 2016";NA
Primates;Microcebus;manitatra;NA;Not in Upham et al., new species;No;No;Lemuroidea;Lemuroidea;Endemic;NA;Extant;NA;NA;Bemanasy mouse lemur;Cheirogaleidae;"Sgarlata et al., 2019; Setash et al., 2017; Hotaling et al., 2016";NA
Primates;Microcebus;margotmarshae;Microcebus margotmarshae;NA;Yes;No;Lemuroidea;Lemuroidea;Endemic;NA;Extant;NA;NA;Margot Marsh's mouse lemur;Cheirogaleidae;"Herrera, 2017; Louis Jr. et al., 2008; Herrera & Davalos, 2016";NA
Primates;Microcebus;marohita;Microcebus marohita;NA;Yes;Yes;Lemuroidea;Lemuroidea;Endemic;NA;Extant;NA;NA;Marohita mouse lemur;Cheirogaleidae;"Herrera, 2017; Groves, 2016; Rasoloarison et al., 2013; Herrera & Davalos, 2016";NA
Primates;Microcebus;mittermeieri;Microcebus mittermeieri;NA;Yes;Yes;Lemuroidea;Lemuroidea;Endemic;NA;Extant;NA;NA;Mittermeier's mouse lemur;Cheirogaleidae;"Setash et al., 2017; Louis Jr. et al., 2006; Mittermeier et al., 2014; Herrera & Davalos, 2016";NA
Primates;Microcebus;murinus;Microcebus murinus;NA;Yes;Yes;Lemuroidea;Lemuroidea;Endemic;NA;Extant;NA;NA;Gray mouse lemur;Hipposideridae;"Groves, 2016; Herrera & Davalos, 2016; Sgarlata et al., 2019; Kouvari & van der Geer, 2018";NA
Primates;Microcebus;myoxinus;Microcebus myoxinus;NA;Yes;Yes;Lemuroidea;Lemuroidea;Endemic;NA;Extant;NA;NA;Peters' mouse lemur;Cheirogaleidae;"Rasoloarison et al., 2000; Mittermeier et al., 2014; Herrera & Davalos, 2016; Kouvari & van der Geer, 2018";NA
Primates;Microcebus;ravelobensis;Microcebus ravelobensis;NA;Yes;Yes;Lemuroidea;Lemuroidea;Endemic;NA;Extant;NA;NA;Golden-brown mouse lemur;Cheirogaleidae;"Zimmerman et al., 1998; Sgarlata et al., 2019; Herrera & Davalos, 2016; Kouvari & van der Geer, 2018";NA
Primates;Microcebus;rufus;Microcebus rufus;NA;Yes;Yes;Lemuroidea;Lemuroidea;Endemic;NA;Extant;NA;NA;Rufous mouse lemur;Cheirogaleidae;"Groves, 2016; Mittermeier et al., 2014; Herrera & Davalos, 2016; Kouvari & van der Geer, 2018";NA
Primates;Microcebus;sambiranensis;Microcebus sambiranensis;NA;Yes;Yes;Lemuroidea;Lemuroidea;Endemic;NA;Extant;NA;NA;Sambirano mouse lemur;Cheirogaleidae;"Rasoloarison et al., 2000; Sgarlata et al., 2019; Herrera & Davalos, 2016; Kouvari & van der Geer, 2018";NA
Primates;Microcebus;simmonsi;Microcebus simmonsi;NA;Yes;Yes;Lemuroidea;Lemuroidea;Endemic;NA;Extant;NA;NA;Simmons' mouse lemur;Cheirogaleidae;"Setash et al., 2017; Louis Jr. et al., 2006; Sgarlata et al., 2019; Herrera & Davalos, 2016";NA
Primates;Microcebus;tanosi;Microcebus tanosi;NA;Yes;Yes;Lemuroidea;Lemuroidea;Endemic;NA;Extant;NA;NA;Anosi mouse lemur;Cheirogaleidae;"Setash et al., 2017; Groves, 2016; Rasoloarison et al., 2013; Herrera & Davalos, 2016";NA
Primates;Microcebus;tavaratra;Microcebus tavaratra;NA;Yes;Yes;Lemuroidea;Lemuroidea;Endemic;NA;Extant;NA;NA;Northern rufous tavaratra mouse lemur;Cheirogaleidae;"Rasoloarison et al., 2000; Sgarlata et al., 2019; Herrera & Davalos, 2016; Kouvari & van der Geer, 2018";NA
Primates;Mirza;coquereli;Mirza coquereli;NA;Yes;Yes;Lemuroidea;Lemuroidea;Endemic;NA;Extant;NA;NA;Coquerel's giant mouse lemur;Cheirogaleidae;"Groves, 2016; Sgarlata et al., 2019; Herrera & Davalos, 2016; Kouvari & van der Geer, 2018";NA
Primates;Mirza;zaza;Mirza zaza;NA;Yes;Yes;Lemuroidea;Lemuroidea;Endemic;NA;Extant;NA;NA;Northern giant mouse lemur;Cheirogaleidae;"Roos & Kappeler, 2006; Mittermeier et al., 2014; Herrera & Davalos, 2016; Kouvari & van der Geer, 2018";NA
Primates;Pachylemur;insignis;NA;NA;No;No;Lemuroidea;Lemuroidea;Endemic;NA;Extinct;NA;NA;Giant ruffed Lemur;Lemuridae;"Rosenberger et al., 2015; Werdelin & Sanders, 2010; Goodman & Jungers, 2014; Kouvari & van der Geer, 2018";"Burney et al., 2004; Crowley, 2010"
Primates;Pachylemur;jullyi;NA;NA;No;No;Lemuroidea;Lemuroidea;Endemic;NA;Extinct;NA;NA;NA;Lemuridae;"Kistler et al., 2015; Herrera & Davalos, 2016; Goodman & Jungers, 2014; Kouvari & van der Geer, 2018";"Crowley, 2010; Godfrey, Jungers & Burney 2010"
Primates;Palaeopropithecus;ingens;Palaeopropithecus ingens;NA;Yes;Yes;Lemuroidea;Lemuroidea;Endemic;NA;Extinct;NA;NA;Large sloth lemur;Palaeopropithecidae;"Kistler et al., 2015; Herrera & Davalos, 2016; Goodman & Jungers, 2014; Kouvari & van der Geer, 2018";"Burney et al., 2004; Crowley, 2010; Hoffmann, 2008; Perez et al., 2005"
Primates;Palaeopropithecus;kelyus;NA;NA;No;No;Lemuroidea;Lemuroidea;Endemic;NA;Extinct;NA;NA;NA;Palaeopropithecidae;"Burney et al., 2020; Gommery et al., 2009; Goodman & Jungers, 2014";"Burney et al., 2004; Crowley, 2010"
Primates;Palaeopropithecus;maximus;NA;NA;No;No;Lemuroidea;Lemuroidea;Endemic;NA;Extinct;NA;NA;NA;Palaeopropithecidae;"Kistler et al., 2015; Herrera & Davalos, 2016; Goodman & Jungers, 2014; Kouvari & van der Geer, 2018";"Kouvari & van der Geer, 2018; Crowley, 2010; Perez et al., 2005"
Primates;Phaner;electromontis;Phaner electromontis;NA;Yes;No;Lemuroidea;Lemuroidea;Endemic;NA;Extant;NA;Phaner furcifer electromontis;Amber mountain fork-marked lemur;Cheirogaleidae;"Herrera, 2017; Groves, 2016; Mittermeier et al., 2014; Kouvari & van der Geer, 2018";NA
Primates;Phaner;furcifer;Phaner furcifer;NA;Yes;Yes;Lemuroidea;Lemuroidea;Endemic;NA;Extant;NA;Phaner furcifer furcifer;Masoala fork-marked lemur;Cheirogaleidae;"Groves, 2016; Mittermeier et al., 2014; Herrera & Davalos, 2016; Kouvari & van der Geer, 2018";NA
Primates;Phaner;pallescens;Phaner pallescens;NA;Yes;No;Lemuroidea;Lemuroidea;Endemic;NA;Extant;NA;Phaner furcifer pallescens;Pale fork-marked lemur;Cheirogaleidae;"Herrera, 2017; Groves, 2016; Mittermeier et al., 2014; Kouvari & van der Geer, 2018";NA
Primates;Phaner;parienti;Phaner parienti;NA;Yes;No;Lemuroidea;Lemuroidea;Endemic;NA;Extant;NA;Phaner furcifer parienti;Sambirano fork-marked lemur;Cheirogaleidae;"Herrera, 2017; Groves, 2016; Mittermeier et al., 2014; Kouvari & van der Geer, 2018";NA
Primates;Prolemur;simus;Prolemur simus;NA;Yes;Yes;Lemuroidea;Lemuroidea;Endemic;NA;Extant;NA;Hapalemur Simus;Greater bamboo lemur;Lemuridae;"Mittermeier et al., 2014; Herrera & Davalos, 2016; Goodman & Jungers, 2014; Kouvari & van der Geer, 2018";NA
Primates;Propithecus;candidus;Propithecus candidus;NA;Yes;No;Lemuroidea;Lemuroidea;Endemic;NA;Extant;NA;Propithecus diadema candidus;Silky sifaka;Indriidae;"Herrera, 2017; Sato et al., 2016; Mittermeier et al., 2014; Herrera & Davalos, 2016";NA
Primates;Propithecus;coquereli;Propithecus coquereli;NA;Yes;Yes;Lemuroidea;Lemuroidea;Endemic;NA;Extant;NA;Propithecus verreauxi coquereli;Coquerel's crowned sifaka;Indriidae;"Herrera, 2017; Rakotonirina et al., 2014; Mittermeier et al., 2014; Herrera & Davalos, 2016";NA
Primates;Propithecus;coronatus;Propithecus coronatus;NA;Yes;No;Lemuroidea;Lemuroidea;Endemic;NA;Extant;NA;Propithecus verreauxi coronatus;Crowned sifaka;Indriidae;"Herrera, 2017; Rakotonirina et al., 2014; Mittermeier et al., 2014; Herrera & Davalos, 2016";NA
Primates;Propithecus;deckenii;Propithecus deckenii;NA;Yes;Yes;Lemuroidea;Lemuroidea;Endemic;NA;Extant;NA;Propithecus verreauxi deckenii;Van der Decken's sifaka;Indriidae;"Herrera, 2017; Rakotonirina et al., 2014; Mittermeier et al., 2014; Herrera & Davalos, 2016";NA
Primates;Propithecus;diadema;Propithecus diadema;NA;Yes;Yes;Lemuroidea;Lemuroidea;Endemic;NA;Extant;NA;Propithecus diadema diadema;Diademed sifaka;Indriidae;"Sato et al., 2016;  Herrera & Davalos, 2016; Goodman & Jungers, 2014; Kouvari & van der Geer, 2018";NA
Primates;Propithecus;edwardsi;Propithecus edwardsi;NA;Yes;Yes;Lemuroidea;Lemuroidea;Endemic;NA;Extant;NA;Propithecus diadema edwardsi, Propithecus holomelas;Milne-Edward's sifaka;Indriidae;"Herrera, 2017; Sato et al., 2016; Mittermeier et al., 2014; Herrera & Davalos, 2016";NA
Primates;Propithecus;perrieri;Propithecus perrieri;NA;Yes;Yes;Lemuroidea;Lemuroidea;Endemic;NA;Extant;NA;Propithecus diadema perrieri;Perrier's sifaka;Indriidae;"Herrera, 2017; Mittermeier et al., 2014; Herrera & Davalos, 2016";NA
Primates;Propithecus;tattersalli;Propithecus tattersalli;NA;Yes;Yes;Lemuroidea;Lemuroidea;Endemic;NA;Extant;NA;NA;Tattersall's Golden-crowned sifaka;Indriidae;"Sato et al., 2016;  Herrera & Davalos, 2016; Goodman & Jungers, 2014; Kouvari & van der Geer, 2018";NA
Primates;Propithecus;verreauxi;Propithecus verreauxi;NA;Yes;Yes;Lemuroidea;Lemuroidea;Endemic;NA;Extant;NA;Propithecus verreauxi verreauxi;Verreaux's sifaka;Indriidae;"Sato et al., 2016;  Herrera & Davalos, 2016; Goodman & Jungers, 2014; Kouvari & van der Geer, 2018";NA
Primates;Varecia;rubra;Varecia rubra;NA;Yes;Yes;Lemuroidea;Lemuroidea;Endemic;NA;Extant;NA;Varecia variegata rubra;Red ruffed lemur;Lemuridae;"Herrera, 2017; Mittermeier et al., 2014; Herrera & Davalos, 2016";NA
Primates;Varecia;variegata;Varecia variegata;NA;Yes;Yes;Lemuroidea;Lemuroidea;Endemic;NA;Extant;variegata, editorum, subcincta;Lemur macaco variegatus;Black-and-White ruffed lemur;Lemuridae;"Mittermeier et al., 2014;  Herrera & Davalos, 2016; Goodman & Jungers, 2014; Kouvari & van der Geer, 2018";NA
Rodentia;Brachytarsomys;albicauda;Brachytarsomys albicauda;NA;Yes;Yes;Nesomyinae;Nesomyinae;Endemic;NA;Extant;NA;NA;White-tailed tree rat;Nesomyidae;"Amori et al., 2008; Soarimalala & Goodman, 2011; Kouvari & van der Geer, 2018";NA
Rodentia;Brachytarsomys;mahajambaensis;NA;NA;No;No;Nesomyinae;Nesomyinae;Endemic;NA;Extinct;NA;NA;NA;Nesomyidae;"Mein et al., 2010; Goodman & Jungers, 2014";Mein et al., 2010
Rodentia;Brachytarsomys;villosa;Brachytarsomys villosa;NA;Yes;No;Nesomyinae;Nesomyinae;Endemic;NA;Extant;NA;NA;Hairy-tailed tree rat;Nesomyidae;"Amori et al., 2008; Ding et al., 2010; Soarimalala & Goodman, 2011; Kouvari & van der Geer, 2018";NA
Rodentia;Brachyuromys;betsileoensis;Brachyuromys betsileoensis;NA;Yes;Yes;Nesomyinae;Nesomyinae;Endemic;NA;Extant;NA;NA;Betsileo short-tailed rat;Nesomyidae;"Amori et al., 2008; Ding et al., 2010; Soarimalala & Goodman, 2011; Kouvari & van der Geer, 2018";NA
Rodentia;Brachyuromys;ramirohitra;Brachyuromys ramirohitra;NA;Yes;Yes;Nesomyinae;Nesomyinae;Endemic;NA;Extant;NA;NA;Gregarious short-tailed rat;Nesomyidae;"Amori et al., 2008; Soarimalala & Goodman, 2011; Kouvari & van der Geer, 2018";NA
Rodentia;Eliurus;antsingy;Eliurus antsingy;NA;Yes;Yes;Nesomyinae;Nesomyinae;Endemic;NA;Extant;NA;NA;Tsingy tuft-tailed rat;Nesomyidae;"Carleton et al., 2001; Ding et al., 2010; Jansa et al., 2019; Kouvari & van der Geer, 2018";NA
Rodentia;Eliurus;carletoni;Eliurus carletoni;NA;Yes;Yes;Nesomyinae;Nesomyinae;Endemic;NA;Extant;NA;NA;Ankarana Special Reserve tufted-tailed rat;Nesomyidae;"Goodman et al., 2009; Jansa et al., 2019; Rakotoarisoa et al., 2013; Kouvari & van der Geer, 2018";NA
Rodentia;Eliurus;danieli;Eliurus danieli;NA;Yes;No;Nesomyinae;Nesomyinae;Endemic;NA;Extant;NA;NA;Daniel's tuft-tailed rat;Nesomyidae;"Carleton & Goodman, 2007; Jansa et al., 2019; Kouvari & van der Geer, 2018";NA
Rodentia;Eliurus;ellermani;Eliurus ellermani;NA;Yes;Yes;Nesomyinae;Nesomyinae;Endemic;NA;Extant;NA;NA;Ellerman's tuft-tailed rat;Nesomyidae;"Jansa et al., 2019; Carleton, 1994; Soarimalala & Goodman, 2011; Kouvari & van der Geer, 2018";NA
Rodentia;Eliurus;grandidieri;Eliurus grandidieri;NA;Yes;Yes;Nesomyinae;Nesomyinae;Endemic;NA;Extant;NA;NA;Grandidier's tuft-tailed rat;Nesomyidae;"Carleton and Goodman, 1998; Ding et al., 2010; Jansa et al., 2019; Kouvari & van der Geer, 2018";NA
Rodentia;Eliurus;majori;Eliurus majori;NA;Yes;Yes;Nesomyinae;Nesomyinae;Endemic;NA;Extant;NA;NA;Major's tuft-tailed rat;Nesomyidae;"Ding et al., 2010; Solano et al., 2011; Jansa et al., 2019; Kouvari & van der Geer, 2018";NA
Rodentia;Eliurus;minor;Eliurus minor;NA;Yes;Yes;Nesomyinae;Nesomyinae;Endemic;NA;Extant;NA;NA;Lesser tufted-tailed rat;Nesomyidae;"Ding et al., 2010; Solano et al., 2011; Jansa et al., 2019; Kouvari & van der Geer, 2018";NA
Rodentia;Eliurus;myoxinus;Eliurus myoxinus;NA;Yes;Yes;Nesomyinae;Nesomyinae;Endemic;NA;Extant;NA;NA;Western tuft-tailed rat;Nesomyidae;"Ding et al., 2010; Jansa et al., 2019; Goodman & Jungers, 2014; Kouvari & van der Geer, 2018";NA
Rodentia;Eliurus;penicillatus;Eliurus penicillatus;NA;Yes;No;Nesomyinae;Nesomyinae;Endemic;NA;Extant;NA;NA;White-tipped tuft-tailed rat;Nesomyidae;"Carleton & Goodman, 2007; Amori et al., 2008; Soarimalala & Goodman, 2011; Kouvari & van der Geer, 2018";NA
Rodentia;Eliurus;petteri;Eliurus petteri;NA;Yes;No;Nesomyinae;Nesomyinae;Endemic;NA;Extant;NA;NA;Petter's tuft-tailed rat;Nesomyidae;"Carleton, 1994; Amori et al., 2008; Soarimalala & Goodman, 2011; Kouvari & van der Geer, 2018";NA
Rodentia;Eliurus;tanala;Eliurus tanala;NA;Yes;Yes;Nesomyinae;Nesomyinae;Endemic;NA;Extant;NA;NA;Tanala tuft-tailed rat;Nesomyidae;"Ding et al., 2010; Solano et al., 2011; Jansa et al., 2019; Kouvari & van der Geer, 2018";NA
Rodentia;Eliurus;tsingimbato;NA;Not in Upham et al., new species;No;No;Nesomyinae;Nesomyinae;Endemic;NA;Extant;NA;NA;NA;Nesomyidae;Jansa et al., 2019;NA
Rodentia;Eliurus;webbi;Eliurus webbi;NA;Yes;Yes;Nesomyinae;Nesomyinae;Endemic;NA;Extant;NA;NA;Webb's tuft-tailed rat;Nesomyidae;"Amori et al., 2008; Ding et al., 2010; Jansa et al., 2019; Kouvari & van der Geer, 2018";NA
Rodentia;Gymnuromys;roberti;Gymnuromys roberti;NA;Yes;Yes;Nesomyinae;Nesomyinae;Endemic;NA;Extant;NA;NA;Voalavoanala;Nesomyidae;"Amori et al., 2008; Soarimalala & Goodman, 2011; Kouvari & van der Geer, 2018";NA
Rodentia;Hypogeomys;antimena;Hypogeomys antimena;NA;Yes;Yes;Nesomyinae;Nesomyinae;Endemic;NA;Extant;NA;NA;Malagasy giant jumping rat;Nesomyidae;"Amori et al., 2008; Soarimalala & Goodman, 2011; Goodman & Jungers, 2014; Kouvari & van der Geer, 2018";NA
Rodentia;Hypogeomys;australis;NA;NA;No;No;Nesomyinae;Nesomyinae;Endemic;NA;Extinct;NA;NA;NA;Nesomyidae;"Goodman & Jungers, 2014; Kouvari & van der Geer, 2018";"Kouvari & van der Geer, 2018; Crowley et al., 2010; Turvey, 2009"
Rodentia;Macrotarsomys;bastardi;Macrotarsomys bastardi;NA;Yes;Yes;Nesomyinae;Nesomyinae;Endemic;NA;Extant;bastardi, occidentalis;NA;Western big-footed mouse;Nesomyidae;"Ding et al., 2010; Amori et al., 2008; Goodman & Jungers, 2014; Kouvari & van der Geer, 2018";NA
Rodentia;Macrotarsomys;ingens;Macrotarsomys ingens;NA;Yes;Yes;Nesomyinae;Nesomyinae;Endemic;NA;Extant;NA;NA;Long-tailed big-footed mouse;Nesomyidae;"Amori et al., 2008; Soarimalala & Goodman, 2011; Kouvari & van der Geer, 2018";NA
Rodentia;Macrotarsomys;petteri;Macrotarsomys petteri;NA;Yes;No;Nesomyinae;Nesomyinae;Endemic;NA;Extant;NA;NA;Petter's big-footed mouse;Nesomyidae;"Goodman & Soarimalala, 2005; Soarimalala & Goodman, 2011; Goodman & Jungers, 2014; Kouvari & van der Geer, 2018";NA
Rodentia;Monticolomys;koopmani;Monticolomys koopmani;NA;Yes;Yes;Nesomyinae;Nesomyinae;Endemic;NA;Extant;NA;NA;Malagasy mountain mouse;Nesomyidae;"Carleton & Goodman, 1996; Soarimalala & Goodman, 2011; Kouvari & van der Geer, 2018";NA
Rodentia;Nesomys;audeberti;Nesomys audeberti;NA;Yes;Yes;Nesomyinae;Nesomyinae;Endemic;NA;Extant;NA;NA;Lowland red forest rat;Nesomyidae;"Amori et al., 2008; Ding et al., 2010; Soarimalala & Goodman, 2011; Kouvari & van der Geer, 2018";NA
Rodentia;Nesomys;lambertoni;Nesomys lambertoni;NA;Yes;No;Nesomyinae;Nesomyinae;Endemic;NA;Extant;NA;NA;Western red forest rat;Nesomyidae;"Amori et al., 2008; Soarimalala & Goodman, 2011; Kouvari & van der Geer, 2018";NA
Rodentia;Nesomys;narindaensis;NA;NA;No;No;Nesomyinae;Nesomyinae;Endemic;NA;Extinct;NA;NA;NA;Nesomyidae;"Goodman & Jungers, 2014; Kouvari & van der Geer, 2018";Mein et al., 2010
Rodentia;Nesomys;rufus;Nesomys rufus;NA;Yes;Yes;Nesomyinae;Nesomyinae;Endemic;NA;Extant;NA;NA;Eastern red forest rat;Nesomyidae;"Solano et al., 2011; Ding et al., 2010; Goodman & Jungers, 2014; Kouvari & van der Geer, 2018";NA
Rodentia;Voalavo;antsahabensis;Voalavo antsahabensis;NA;Yes;No;Nesomyinae;Nesomyinae;Endemic;NA;Extant;NA;NA;Eastern voalavo;Nesomyidae;"Goodman et al., 2005; Kouvari & van der Geer, 2018";NA
Rodentia;Voalavo;gymnocaudus;Voalavo gymnocaudus;NA;Yes;Yes;Nesomyinae;Nesomyinae;Endemic;NA;Extant;NA;NA;Northern voalavo;Nesomyidae;"Carleton and Goodman, 1998; Goodman et al., 2005; Jansa et al., 2019; Kouvari & van der Geer, 2018";NA
